url,type,forms,inputs,iframes,scripts,images,buttons,domDepth,maxChildren,titleLength,onmouseoverEvents,externalResourceRatio,inlineStyles,phishingKeywordHits,usesHTTPS,hasEval
https://marketamplifiedclaimreport.vercel.app/help&support,phishing,0,0,0,1,0,0,5,4,7,0,0.0,0,0,True,0
https://sso--ndax-io---view-app---cdn.webflow.io/,phishing,0,0,0,3,3,0,5,16,51,0,0.8888888888888888,1,2,True,0
http://grminilogine.webflow.io/,phishing,0,0,0,0,0,0,8,6,20,0,1.0,0,0,False,0
https://www.at.every.sign.on.bendigodeliade.com/,phishing,0,1,0,11,0,0,8,18,12,0,0.9285714285714286,2,1,True,0
http://test.imaptravel.com/,phishing,1,2,0,1,3,2,10,5,33,0,0.75,0,0,False,0
https://2d4a5379-3797-4246-940f-e832984473f2-00-22lw1d0e9uoje.pike.replit.dev/,phishing,2,3,0,1,1,2,9,7,18,0,0.5,9,0,True,0
https://adetts-marvelous-site.webflow.io/,phishing,1,4,0,4,3,0,12,10,22,0,0.9,1,1,True,0
http://gaimieinylogin.webflow.io/,phishing,0,0,0,0,0,0,8,6,20,0,1.0,0,0,False,0
https://discord.botcheck-verify.com/,phishing,1,1,0,3,0,2,11,9,36,0,0.25,7,0,True,0
http://syncdap.pages.dev/,phishing,0,0,0,5,0,1,10,11,36,0,0.3333333333333333,5,0,False,0
https://marketproslegalprotection.vercel.app/zL20=vMDFj&s&sde34ntry=ttu&78g_ep=EgoyMDI1MDM,phishing,4,9,0,4,16,9,14,34,31,0,0.8695652173913043,25,19,True,0
http://dhl-express-idhfwimbqvycvbxdqextfdcn.pages.dev/,phishing,0,0,0,5,0,1,10,11,36,0,0.3333333333333333,5,0,False,0
https://usc1.contabostorage.com/a4293fe68f2f47c3b6a6cd82b0db8170:conla/index.html,phishing,1,2,0,10,3,2,12,11,23,0,0.8823529411764706,17,8,True,0
https://emktlw.com.br/accounts/198400/messages/3/clicks/59449/2,phishing,0,0,0,0,1,0,7,5,50,0,1.0,0,0,True,0
http://discord.authcheckzone.com/,phishing,0,1,0,4,3,3,8,8,7,0,0.7777777777777778,11,7,False,0
http://auth-blockfi-console.webflow.io/,phishing,0,0,0,0,0,0,8,6,20,0,1.0,0,0,False,0
http://dhl-express-ujgnfbploinpdysoczrldoix.pages.dev/,phishing,0,0,0,5,0,1,10,11,36,0,0.3333333333333333,5,0,False,0
https://promocioneslatamonline.info/,phishing,0,0,0,1,0,0,5,5,11,0,0.0,0,0,True,0
https://localhost.ofertasypromocioneslatam.info/index.php,phishing,0,1,0,2,0,3,11,91,13,0,0.0,0,2,True,0
https://smtp.ofertasypromocioneslatam.info/index.php,phishing,0,1,0,2,0,3,11,91,13,0,0.0,0,2,True,0
https://ftp.ofertasypromocioneslatam.info/index.php,phishing,0,1,0,2,0,3,11,91,13,0,0.0,0,2,True,0
https://localhost.promocioneslatamonline.info/index.php,phishing,0,1,0,2,0,3,11,91,13,0,0.0,0,2,True,0
https://outlook-secure.vercel.app/,phishing,1,1,0,3,2,2,10,5,7,0,1.0,13,1,True,0
https://pop.ofertasypromocioneslatam.info/index.php,phishing,0,1,0,2,0,3,11,91,13,0,0.0,0,2,True,0
https://case-10062673.clickup5.click/?case-id-10062673,phishing,0,0,0,3,1,0,7,12,31,0,1.0,0,0,True,0
http://decentalized.netlify.app/,phishing,2,3,0,15,6,5,17,18,23,0,0.9166666666666666,18,5,False,0
http://www.channelhub.info/85a9a2c6cxd4194e7an8684f8b9j740b01c2.html,phishing,0,3,1,5,2,0,13,11,23,0,0.8181818181818182,1,5,False,0
http://www.channelhub.info/8e2891872x2fbe4407nae154489jde31a342.html,phishing,0,3,1,5,2,0,13,11,23,0,0.8181818181818182,1,5,False,0
http://www.channelhub.info/885ebc92bx326943d6nb474e449jc71d855b.html,phishing,0,3,1,5,2,0,13,11,23,0,0.8181818181818182,1,5,False,0
https://sanketrakhewar.github.io/Amazon-Clone-UI/login.html,phishing,0,1,0,0,1,2,6,9,5,0,1.0,0,2,True,0
http://dhl-express-marbvdrvgwlwlmdxooemvqrt.pages.dev/,phishing,0,0,0,5,0,1,10,11,36,0,0.3333333333333333,5,0,False,0
https://vuelos.latamsudamerica.com/,phishing,1,1,0,3,0,2,11,9,36,0,0.25,7,0,True,0
https://sign_adfs-w5lmqc.zlatanibile.workers.dev/?3mail@b.c,phishing,0,0,0,0,0,0,3,2,0,0,0.0,0,0,True,0
https://jsisjss.ikux.me/,phishing,1,2,0,1,1,1,8,7,38,0,1.0,2,0,True,0
https://info--coinbase-pro-cdn.webflow.io/,phishing,0,0,0,0,0,0,8,6,20,0,1.0,0,0,True,0
http://token.tokenimpocket.top/,phishing,0,0,0,2,22,0,16,21,36,0,0.9666666666666667,2,0,False,0
https://faq-trezo.squarespace.com/,phishing,0,0,0,26,1,2,19,60,52,0,0.5555555555555556,118,18,True,0
https://emktlw.com.br/accounts/198400/messages/3/clicks/1680/2,phishing,0,0,0,0,1,0,7,5,50,0,1.0,0,0,True,0
https://emktlw.com.br/accounts/198400/messages/3/clicks/47885/2,phishing,0,0,0,0,1,0,7,5,50,0,1.0,0,0,True,0
https://emktlw.com.br/accounts/198400/messages/3/clicks/53006/2,phishing,0,0,0,0,1,0,7,5,50,0,1.0,0,0,True,0
https://sntandercuenver.lima.zone/lnfo/ssl/,phishing,0,0,0,0,1,0,7,5,50,0,1.0,0,0,True,0
https://sendflow.pro/l/P6UZ69qwgwUziFE99owg,phishing,0,0,0,0,1,0,7,5,50,0,1.0,0,0,True,0
https://emktlw.com.br/accounts/198400/messages/3/clicks/33106/2,phishing,0,0,0,0,1,0,7,5,50,0,1.0,0,0,True,0
https://emktlw.com.br/accounts/198400/messages/3/clicks/64854/2,phishing,0,0,0,0,1,0,7,5,50,0,1.0,0,0,True,0
https://emktlw.com.br/accounts/198400/messages/3/clicks/430/2,phishing,0,0,0,0,1,0,7,5,50,0,1.0,0,0,True,0
https://mk.maokass28.cc/,phishing,0,0,0,0,0,0,6,5,9,0,0.0,0,0,True,0
https://ronav01.github.io/Amazon-Clone-/,phishing,0,2,0,0,1,0,9,21,6,0,1.0,9,1,True,0
http://secure-my-blockfi--sso--auth.webflow.io/,phishing,0,0,0,3,3,0,5,16,15,0,0.8888888888888888,1,1,False,0
https://emktlw.com.br/accounts/198400/messages/3/clicks/9402/2,phishing,0,0,0,0,1,0,7,5,50,0,1.0,0,0,True,0
https://case-1018686742387.pihayy.com/,phishing,1,1,0,3,0,2,11,9,36,0,0.25,7,0,True,0
https://bantuan-customer-care.introtop.my.id/,phishing,3,11,0,13,11,3,10,18,43,0,0.6206896551724138,4,1,True,0
https://case-10071066.nicelittlestuff.com/,phishing,0,0,0,3,1,0,7,12,31,0,1.0,0,0,True,0
http://ornate-bonbon-95aacd.netlify.app/,phishing,1,2,0,0,0,1,8,4,19,0,0.0,0,3,False,0
https://login_mic-dg55ur.l-iukeng101.workers.dev/?3mail@b.c,phishing,0,0,0,3,0,1,11,9,36,0,0.25,6,0,True,0
http://wheat-just-fluorine.glitch.me/,phishing,0,0,0,0,1,0,7,5,33,0,1.0,0,0,False,0
https://fstvl-vndian-brl-konfirms.vercel.app/,phishing,0,0,0,11,1,1,8,20,28,0,0.21428571428571427,6,1,True,0
https://dub.sh/gntr/BRI.fstvl2025,phishing,0,0,0,11,1,1,8,20,28,0,0.21428571428571427,6,1,True,0
http://steanncommunity.ru/Id/7656119799766451,phishing,0,0,1,1,0,0,4,10,25,0,0.5,1,0,False,0
https://opensea-nft-two.vercel.app/,phishing,0,3,0,11,9,7,13,22,10,0,0.8846153846153846,12,0,True,0
https://oithoigianhayquendi.ubpages.com/8d0f8da2-2986-11f0-a22c-ee5b456ff4ed//,phishing,0,0,0,6,3,0,9,20,8,0,0.42857142857142855,16,0,True,0
https://srieamcoommnumnlry.com/xudy38929898d0f082842842i09209842,phishing,0,0,1,1,0,0,4,10,21,0,0.5,1,0,True,0
https://financialswingcoach.com/amz?lptoken=176345c121fc19659272&cep=n4igdgpg7g,phishing,0,0,0,5,5,2,10,15,6,0,1.0,1,1,True,0
https://attcurently04-03-2025.weeblysite.com/,phishing,2,2,0,17,3,4,31,73,14,0,0.8421052631578947,111,3,True,0
https://channelhub.info/8288fb32bx74c944d6n90def6cfj8b1bc461.html,phishing,0,3,1,5,2,0,13,11,23,0,0.8181818181818182,1,5,True,0
https://clique.ws/supportmeta-it-it-facebook,phishing,0,0,0,11,0,0,5,33,8,0,0.7307692307692307,1,0,True,0
https://login_mic-ppflxp.l-iukeng101.workers.dev/?mail@example.com,phishing,0,0,0,3,0,1,11,9,36,0,0.25,6,0,True,0
https://vodafone-internet.it/?gad_source=1&gbraid=0AAAAAovRHE9DruOUT1GXVgWXfTROABUki&gclid=Cj0KCQjw2ZfABhDBARIsAHFTxGwbS_bbsyWng71ZrA9SauElRQjPC5aMfsY0-pnzXMZjs78vTPW-BmIaAiwfEALw_wcB,phishing,1,5,1,14,8,3,17,21,31,0,0.8787878787878788,97,0,True,0
https://web-git-feature-universal-farm.pancake.run/liquid-staking,phishing,0,2,2,40,14,87,21,67,11,0,0.9390243902439024,116,1,True,0
https://web-git-feature-universal-farm.pancake.run/buy-crypto,phishing,0,4,2,25,26,95,21,53,11,0,0.9242424242424242,133,3,True,0
https://web-git-feature-universal-farm.pancake.run/affiliates-program,phishing,0,2,2,27,27,87,21,55,11,0,0.9264705882352942,130,2,True,0
http://www.6h02.com/,phishing,0,0,1,9,7,0,8,11,2,0,0.8333333333333334,6,0,False,0
http://mettamaskllogggnnn.webflow.io/,phishing,0,0,0,3,1,0,5,10,32,0,0.8571428571428571,0,0,False,0
https://xulram.click/tvrunplug/openpluggg/zimbra.html,phishing,1,6,0,2,0,0,14,14,25,0,0.5,3,1,True,0
https://web-git-feature-universal-farm.pancake.run/v4,phishing,0,6,2,19,14,88,24,48,11,0,0.8913043478260869,131,2,True,0
https://bancolombiapersonascheckoutpagos.netlify.app/,phishing,0,0,0,0,0,0,8,5,14,0,0.0,0,0,True,0
http://gentlewhisper-sigma.vercel.app/managermentquan/M5wD9Rj3X7/F8tB2Qy1K0.html,phishing,4,9,0,8,16,9,14,34,31,0,0.8888888888888888,24,18,False,0
https://www2-openplay-listinvoc.com/04/27VBY0SW5G/Select/index.php?p=login&e=a944edded8892c9d47df9645f5c77a02orangea944edded8892c9d47df9645f5c77a02,phishing,1,1,0,3,0,2,11,9,36,0,0.25,7,0,True,0
https://mail-modp-gov-pk-view.netlify.app/,phishing,0,0,0,1,11,0,7,29,0,0,1.0,128,0,True,0
https://srieamcoommnumnlry.com/xcxi4902409ff09240940-20-30-2w,phishing,0,0,1,1,0,0,4,10,21,0,0.5,1,0,True,0
http://techassist-user-code-42619573810.vercel.app/case.help/hkkru.html,phishing,4,9,0,4,16,9,14,33,31,0,0.8695652173913043,19,17,False,0
https://s.team-sms.pro/p/hpww-tqqf/gtjdtgtm/,phishing,0,0,0,32,62,0,22,45,25,0,0.8691588785046729,60,2,True,0
http://gg_8xkjb_sign_on_sf2awkeeqf_ewotawgek5.amiparis.co/,phishing,2,8,1,6,1,1,19,83,25,0,0.25,2,3,False,1
http://mursalin2250.github.io/netflix-clone,phishing,0,1,0,1,5,9,11,13,149,0,1.0,16,4,False,0
http://ujjawal-singh05.github.io/fecbook-login-,phishing,2,9,0,0,2,2,9,31,26,0,1.0,0,4,False,0
http://onlinetk-store.com/,phishing,0,2,0,2,149,1,17,48,9,0,1.0,133,0,False,0
http://get-blue-tick-free.vercel.app/,phishing,0,0,0,1,2,0,7,9,40,0,0.75,2,0,False,0
http://action-required-verification.github.io/account/index.html,phishing,1,0,0,5,1,1,10,9,30,0,0.7142857142857143,1,0,False,0
http://balajii1212.github.io/amzon,phishing,0,1,0,0,13,0,8,13,6,0,1.0,1,2,False,0
https://www.bet73075.com/fish/260,phishing,3,11,0,44,20,4,15,77,11,1,0.7126436781609196,19,14,True,0
http://bet73033.com/,phishing,2,8,0,46,23,6,15,82,11,1,0.7142857142857143,25,14,False,0
http://srreeraj.github.io/Netflix-Static-Web,phishing,0,2,0,3,5,3,14,10,7,0,1.0,7,1,False,0
http://kuldeep604.github.io/Netflix,phishing,2,6,0,0,2,2,8,5,7,0,1.0,0,2,False,0
http://ajayuthaman.github.io/Netflix-clone,phishing,0,2,0,0,11,7,9,7,58,0,1.0,0,1,False,0
http://fazila8790.github.io/geekster_projects,phishing,0,0,0,0,1,2,7,4,7,0,1.0,0,0,False,0
http://darshanbhagvanbhaiprajapati.github.io/amazon-clone,phishing,0,1,0,0,0,0,8,8,6,0,1.0,8,2,False,0
http://srishti0726.github.io/Amazon-Clone,phishing,0,1,0,0,0,0,8,9,6,0,1.0,8,2,False,0
http://metamaskwallett.blogspot.com/,phishing,1,2,0,4,0,4,22,22,15,0,0.5,0,2,False,0
http://zozo0329.github.io/loginClone,phishing,0,2,0,1,2,5,10,5,28,0,1.0,0,2,False,0
http://codelikeamachine.github.io/Day17of50-Netflix-Clone-Website-Template,phishing,0,2,0,1,8,9,10,9,58,0,1.0,2,4,False,0
http://shubham4dey.github.io/Amazon-Clone,phishing,0,1,0,0,0,0,8,8,6,0,1.0,8,1,False,0
https://logixgemeno.godaddysites.com/,phishing,0,0,0,27,1,0,15,61,23,0,0.9285714285714286,0,0,True,0
http://smritig537.github.io/Amazon-clone.github.io,phishing,0,1,0,0,0,0,8,9,6,0,1.0,8,2,False,0
http://afta006.github.io/Amazon-Clone,phishing,0,1,0,0,0,0,8,18,6,0,1.0,0,2,False,0
http://outlook-f99a9d.webflow.io/,phishing,1,6,0,4,2,0,8,11,7,0,0.8888888888888888,1,0,False,0
http://sibghat776.github.io/Amazon-Clone,phishing,0,1,0,0,0,1,8,9,6,0,1.0,9,2,False,0
http://amar-shar.github.io/Amazon_Clone,phishing,0,1,0,0,0,0,9,10,6,0,1.0,8,2,False,0
https://tazeenansari2023.github.io/netflix-clone,phishing,0,2,0,0,18,3,9,16,13,0,1.0,0,1,True,0
https://reuqxwctcwpxj3brxhksjvubekcn6fngcgplszqellgjgbeq4kza.g8way.io/iSkL2FMVn3TsMbnVJNaBIoTfFaYRnrlmBFrMkwSQ4rI?email=3mail@b.c,phishing,0,0,0,0,0,0,8,4,0,0,0.0,0,0,True,0
http://jaiminp0416.github.io/Amazon.Clone,phishing,0,1,0,0,0,0,9,9,6,0,1.0,48,2,False,0
https://prapti-patil.github.io/Amazon-Clone/,phishing,0,1,0,0,0,0,8,9,6,0,1.0,8,2,True,0
https://surya4480.github.io/Netflix-Clone/,phishing,0,2,0,0,5,4,7,11,58,0,1.0,0,1,True,0
http://gitsubhranshu.github.io/netflix-clone,phishing,0,0,0,1,5,0,11,8,7,0,1.0,0,1,False,0
https://priyanshuchaudhry.github.io/Netflix-Clone/,phishing,0,2,0,1,7,11,9,15,58,0,1.0,0,4,True,0
https://hill-lydian-poison.glitch.me/,phishing,1,5,1,4,5,4,21,100,28,0,0.967391304347826,14,7,True,0
http://zetawave-bzrl.vercel.app/managermentloc/Landingpage/landingpage.html,phishing,4,9,0,8,16,9,14,34,31,0,0.8888888888888888,24,18,False,0
https://is.gd/kXpSFf,phishing,1,5,1,4,5,4,21,100,28,0,0.967391304347826,14,7,True,0
http://parkerking001.github.io/rfgty,phishing,1,2,0,8,5,3,14,10,18,0,0.9375,20,3,False,0
http://mmiskatul.github.io/facebook-log-in-page,phishing,0,2,0,1,1,2,7,7,27,0,1.0,0,2,False,0
https://atul22g-dev.github.io/Netflix-Clone/,phishing,0,3,0,3,13,0,10,18,58,0,0.9615384615384616,0,4,True,0
https://vansh28048.github.io/Netflix-clone,phishing,0,1,0,0,5,3,7,12,8,0,1.0,0,1,True,0
https://dagiayni.github.io/Next-flix-clone/,phishing,0,1,0,1,13,3,10,6,13,0,1.0,12,0,True,0
https://sso--ndax-io--view-cdn-auths.webflow.io/,phishing,0,0,0,3,3,0,9,16,51,0,0.8888888888888888,1,21,True,0
http://adhilmulavoor.github.io/amazon,phishing,0,1,0,0,0,0,8,9,6,0,1.0,8,2,False,0
http://app-now-help.netlify.app/,phishing,0,0,0,1,1,0,4,6,22,0,0.5,0,1,False,0
http://lilavatipandit.github.io/myproject_demoWD1,phishing,0,1,0,0,0,0,8,11,7,0,1.0,8,2,False,0
https://abhiraj5007.github.io/Netflix_Clone,phishing,0,1,0,0,5,3,7,12,65,0,1.0,0,1,True,0
https://www.365f09.com/,phishing,0,0,0,2,2,1,9,9,14,0,0.5,1,0,True,0
http://jhommuelpastoral.github.io/AmazonClone,phishing,0,1,0,2,131,43,10,42,6,0,1.0,1,0,False,0
https://gaurav-kr-09.github.io/netflix-clone,phishing,0,1,0,0,5,3,9,12,58,0,1.0,0,0,True,0
http://matinsh2001.github.io/Instagram/index.html,phishing,1,2,0,2,3,1,14,10,9,0,0.7142857142857143,0,2,False,0
http://shankargardi25.github.io/Netflix-Clone,phishing,0,2,0,5,8,9,10,18,58,0,0.8,2,4,False,0
https://www.mobilllepayylasuomii.com/,phishing,1,4,0,4,0,1,8,9,50,0,0.875,4,1,True,0
http://srihari3601.github.io/FacebookCloneusingTailwind,phishing,0,2,0,1,1,2,7,7,28,0,1.0,0,2,False,0
http://webpage--ndax.webflow.io/,phishing,0,0,0,3,1,0,5,10,51,0,0.8571428571428571,0,2,False,0
http://wannacryransomware.github.io/metasupport,phishing,1,2,0,1,1,1,8,4,14,0,0.5,0,3,False,0
http://aniketsaini5.github.io/Instagram_Login,phishing,1,2,0,4,3,1,11,25,15,0,1.0,0,3,False,0
http://akhi1704.github.io/tailwind_fb-clone/index.html,phishing,0,2,0,0,1,2,7,7,28,0,1.0,0,2,False,0
https://macbook.app-viewlocation.com/jrT,phishing,0,0,0,0,0,0,4,3,13,0,0.0,0,0,True,0
https://xulrez.click/tvrunplug/openpluggg/zimbra.html,phishing,1,6,0,2,0,0,14,14,25,0,0.5,3,1,True,0
http://aauths-m-start-ttrezor.webflow.io/,phishing,0,0,0,3,1,0,5,10,43,0,0.8571428571428571,0,0,False,0
http://jibladerkaros.kachgalbisda.com/,phishing,0,0,3,38,54,8,20,59,71,0,0.9906542056074766,107,0,False,0
https://shop.gudatrade.com/,phishing,0,2,0,2,86,1,17,19,16,0,0.989247311827957,83,0,True,0
http://bet63040.com/about/cookies,phishing,2,8,0,43,14,4,15,73,11,1,0.6923076923076923,21,15,False,0
http://bet73016.com/fish/81,phishing,3,11,0,44,16,4,15,77,11,1,0.6987951807228916,19,14,False,0
http://bet63040.com/egame/224,phishing,3,10,0,47,290,4,15,81,11,1,0.42777777777777776,35,14,False,0
https://4ue5i6rkytu6krjtehrer5j6krtdrh3y45u-hhmot5.vercel.app/id/1000476989768658.html,phishing,5,15,0,6,16,10,17,126,31,0,0.84,21,19,True,0
http://bet63040.com/egame/218,phishing,3,10,0,47,290,4,15,81,11,1,0.42777777777777776,35,14,False,0
http://www.securepage.cloud/8c1cb71d4xb3254336na534f65dja6c0694f.html,phishing,0,2,0,4,1,0,7,11,29,0,0.8888888888888888,0,2,False,0
http://bet63040.com/egame/217,phishing,3,10,0,47,287,4,15,81,11,1,0.42296918767507,35,14,False,0
http://bet63040.com/sport/150,phishing,2,8,1,44,14,4,15,76,11,1,0.691358024691358,43,14,False,0
http://www.channelhub.info/8d5595e41x50c54292nb3e02d64j4ae7a27e.html,phishing,0,3,1,5,2,0,13,11,23,0,0.8181818181818182,1,5,False,0
http://www.channelhub.info/8fd311a0dxaa084b67n90aab6b2j53bc3f52.html,phishing,0,3,1,5,2,0,13,11,23,0,0.8181818181818182,1,5,False,0
http://www.channelhub.info/8487452ebx5e714640n9256c495j8c3c8813.html,phishing,0,3,1,5,2,0,13,11,23,0,0.8181818181818182,1,5,False,0
http://bet63040.com/poker/200,phishing,2,8,0,45,49,4,15,78,11,1,0.7863247863247863,25,14,False,0
https://blockfilogi--official.webflow.io/,phishing,0,0,0,3,3,0,7,34,15,0,0.8888888888888888,1,89,True,0
http://bet63040.com/egame/214,phishing,3,10,0,47,290,4,15,81,11,1,0.42777777777777776,35,14,False,0
https://secure--ndax-login--auth.webflow.io/,phishing,0,0,0,3,3,0,7,10,51,0,0.8888888888888888,2,13,True,0
https://spotifyw.vip/,phishing,0,0,0,0,3,0,6,4,7,0,1.0,1,0,True,0
https://3659tt.net/,phishing,0,0,0,2,2,1,9,9,10,0,0.5,1,0,True,0
https://secure--blockfie-sso---cdn.webflow.io/,phishing,0,0,0,3,3,0,5,16,15,0,0.8888888888888888,1,1,True,0
https://io-ndaxlogi-auth.webflow.io/,phishing,0,0,0,3,1,0,5,10,51,0,0.8571428571428571,0,4,True,0
http://ecardm.blogspot.nl/,phishing,0,0,2,19,29,0,11,24,21,0,0.8363636363636363,23,1,False,0
http://pub-0c83953400094ceaa025496458468cc6.r2.dev/index.html,phishing,5,90,0,7,96,6,9,57,8,0,0.9903846153846154,0,2,False,0
http://pub-2c41dc2a4fe544379dd65a62b31c94b1.r2.dev/index.html,phishing,5,90,0,7,96,6,9,57,8,0,0.9903846153846154,0,2,False,0
http://pub-6d83fcbcfa5e4ae680b9d3fc5288b670.r2.dev/index.html,phishing,5,90,0,7,96,6,9,57,8,0,0.9903846153846154,0,2,False,0
https://ebaymy.shop/,phishing,1,1,0,3,0,2,11,9,36,0,0.25,7,0,True,0
http://pub-fd1e80b720f7406fba40462652b23ab0.r2.dev/index.html,phishing,5,90,0,7,96,6,9,57,8,0,0.9903846153846154,0,2,False,0
http://pub-9ee2680d599c4a7281f4adfb8f776ea5.r2.dev/index.html,phishing,5,90,0,7,96,6,9,57,8,0,0.9903846153846154,0,2,False,0
http://pub-e7a1b231f25145409249e142fc824ac0.r2.dev/index.html,phishing,5,90,0,7,96,6,9,57,8,0,0.9903846153846154,0,2,False,0
http://pub-9f65e9a08da64a87ae0cc31910c99428.r2.dev/index.html,phishing,5,90,0,7,96,6,9,57,8,0,0.9903846153846154,0,2,False,0
http://pub-ece6cc74b1074eb0beeca35897404010.r2.dev/index.html,phishing,0,1,1,2,1,0,8,10,14,0,0.6666666666666666,4,0,False,0
http://pub-f4f8f45011084a81af23aa2c62217152.r2.dev/index.html,phishing,5,90,0,7,96,6,9,57,8,0,0.9903846153846154,0,2,False,0
http://pub-e9939729c7a643fdb08b422e179c20df.r2.dev/index.html,phishing,5,90,0,6,96,6,9,57,8,0,0.9902912621359223,0,2,False,0
http://pub-979ede100f0c4e07867f4f81c1d13ec6.r2.dev/index.html,phishing,5,90,0,7,96,6,9,57,8,0,0.9903846153846154,0,2,False,0
http://pub-44935a18ffd14c8d9a1c0c39e1e4fca4.r2.dev/index.html,phishing,5,90,0,7,96,6,9,57,8,0,0.9903846153846154,0,2,False,0
https://365s02.com/,phishing,1,5,0,19,11,0,18,25,6,1,0.7631578947368421,43,0,True,0
https://jigglytorch.vercel.app/managermentquan/vJ4q7Zb8P1.html,phishing,0,0,0,3,0,0,5,7,7,0,0.5,0,0,True,0
http://pub-9c0e124bfdae48649cf3f048dae74580.r2.dev/index.html,phishing,5,90,0,7,96,6,9,57,8,0,0.9903846153846154,0,2,False,0
http://metamask-wallet-extension-apps.webflow.io/,phishing,0,0,0,3,3,0,5,9,61,0,0.8888888888888888,1,0,False,0
http://pub-9723ebd02410432ba9d3eb3ed2bab54c.r2.dev/index.html,phishing,5,90,0,7,96,6,9,57,8,0,0.9903846153846154,0,2,False,0
http://authoo-start-trzieor.webflow.io/,phishing,0,0,0,0,0,0,8,6,20,0,1.0,0,0,False,0
http://pub-c3fac41fc6884e3db327baaa4dce5290.r2.dev/index.html,phishing,5,90,0,7,96,6,9,57,8,0,0.9903846153846154,0,2,False,0
http://pub-3d729c9602e94c90bb9e1036ba488f8c.r2.dev/index.html,phishing,5,90,0,7,96,6,9,57,8,0,0.9903846153846154,0,2,False,0
http://pub-f9c3fead5e3e4d6e8cfa1a41b866b340.r2.dev/index.html,phishing,5,90,0,7,96,6,9,57,8,0,0.9903846153846154,0,2,False,0
https://alonetimesapp.pages.dev/,phishing,0,0,0,5,0,1,10,11,36,0,0.3333333333333333,5,0,True,0
http://pub-b340bb8e0a5f4bcb94f7e4bd1c7e0145.r2.dev/index.html,phishing,5,90,0,7,96,6,9,57,8,0,0.9903846153846154,0,2,False,0
http://pub-fbe6fd4e8cae4599b13b8db10b19ff13.r2.dev/index.html,phishing,5,90,0,7,96,6,9,57,8,0,0.9903846153846154,0,2,False,0
http://ecardm.blogspot.dk/,phishing,0,0,2,19,29,0,11,24,21,0,0.8363636363636363,23,1,False,0
https://pub-ade1b8cd4ef94104927260904c82c837.r2.dev/docusii.html,phishing,0,0,0,3,0,1,11,9,36,0,0.25,6,0,True,0
https://microsofltonline.org/landing/form/af0ca58e-004f-4d52-b079-9ed8899d3286,phishing,0,3,0,1,2,1,9,5,26,0,0.75,15,3,True,0
https://e-service.org/landingpage/cf1a9771-107e-471b-986d-361ea44c2f10/bsdqolxd_snm0rmmt,phishing,1,2,0,1,2,1,18,7,33,0,0.6666666666666666,1,2,True,0
https://sharefile8.pages.dev/qvuv+pyrqwzcz6xaxlnoqwjmehzvhi7wuk+tdmwkgv96kzea82mtrq3s+h+nlysnemgyfcvtuhozuighqob+lce9yippttt6fi1kubdsdbqmwx5kxujjxwu5crv4iqguxis5l5bqjc2sd56vkdj?069fb941cb7d02a7af697e5dc0838510maajzucd=U2FsdGVkX1+BsyGyfFGHl+Um2mkf0LpTTDusdIJGD0oy2IqcBAFKbWsYs69q3TkmAPx8PXp+Fprs97O1Iq9GXCeTi/8RGkfitakUn/NWdsLE5ztJFBCVWV0snd3MLOSnaMvrCJivM/YPjjDEPrSpHznmHjbQk/0VuNaDNXqbmBFDXYNepA+Rj3kAJE4IrND2FEAqTNsSZpwEPhnjr+QboIpFYnl3jNnAyeKehpzNnK7bVPFpBAfml+SdOwVMiv3WGjeu8P9y4ca1mBXQrmCERTxunBNAZWlx4iQUirLXtiPILx6u/WZWLu7mZWhtoAMH06GwxvmX5gMCBwiXJPSqxlGYpbxdJMJKJr0VwEEGynb4FgIzAnzOgzPGtS8hfF5jEZXOMcVsrIbfNoQzBqO3QXyZy4mIT79RmReotYSmnVcqqkw58AAR7VC10j/ujNbmwPcB0t53gE66IfTUtB20W420GP5/tKtPKpPz/+sj2sv6pGMhJ8Tqf24NxBKEV2LXKLGQD4stUPmxPNW5A37KcgHD7kRmk7Smrj4wGPEpmNAMz1bis7H1E3w6ONfcCo2JF48YXyOOBzZBiLkqm9bQkdPMihnAxh+8671grOpaTstDevrZ/Zf0gLLYqUM8oDgXuFmD8VjdTh9+6WTKBxYqbUYch3ItU5I3jPS0Ii7TaZk9PwPkLRDLxdoslMxD/l8/Kx7Ih3n2O88rTgY4EVg1/SyvI0l9Ucc4CdWo9PpDHyXtxtVeJIWL3hjrLPOMjOIgvKH36lMzEbLAqVN59KXVzcLjdEd6EmLR7IcAOCWqDFNnHQWyMb10iMWa3dyHs82rG8//mQQYTKvZOmjV/n6F/WPo0ftxmreb81E2Yg6L5ETsLH3ydlWiSlRhl/aUAtcZsWJQvB77ETqHtVrW9FHBlCSxDrRrbD57Wkt5I9ToqGSZBDo7IoSZfqYeWG0fh6yrvZr2yoDq+qzeZ6YSM6MIcz/wLPleVEr7tP0Wfyiw0bdOpEXhpZbjMEbt6ZK3+slnj42KUxFnY3twDg8yR6mj86vEPefO0l6hf96dMWeUlr49NpsGQWHgUP542hl01ezSqvRcNUuqJ1vuzNB2rD/NxRVECwN+BYCH0wf3hcWLBn+Uoq8401UdkbQmTZhxj5CQfs86Gf2NVGAvmbJDW175b7Q8rJx+0upLBynDdBZtb55DU+5X6fNozHYDjADf5oWUTZDClIDzCTHTzoHCJREpqGHI+bzyUb6s/Xn1+UUGB/FBWLCRGgLmJham2NT6PXvmJrY7B66h/lhYzfe38kiBDXebKTaT671O/GkfcPqO4JL5TpeUqJ0ZZgPrc4M/QJdJEtfYnnXOAsT15z7GMu+5uV+Ab6+wrc5+BIxwkCOyb0M+3Yfwqzixtao1yKqhhMGbWFkVROTF71y5MtevBHHhgHNvK4kshnWsHiOw8mxhvoiAxyhogVvXGOz/I9c3PO0MG+BG0BSjM8pSq5OBpCCn2teLCgOfKHL4hIj88fflhLWLR0p9kJfw5gPfOIJK4z/b8POHCeNV4jA/VZymmJATjlyJ0KOFCi3lm4atfwtL51KVKr9+lWH7mVyBODxeZ7H4FsmIURlOUKrDwVGt5NxSHFjweYfIoJFR3cwcxBnk6gmwupzTSmRDt+YfksRI+ShURlBgzK/xo9w2MnLgW6gqyf1Hk5poZWbJpJYw9f1ozz+voHfgORwxX%252,phishing,1,5,0,5,6,3,17,8,38,0,0.7692307692307693,0,0,True,0
https://sanchit955.github.io/Netflix-Clone--/,phishing,2,2,0,1,11,3,9,15,21,0,1.0,0,4,True,0
https://sharefile8.pages.dev/auoioookttrx2g36dhk?0a48df333cb73f9b9421dca7b1ed56f0maaohw2n=U2FsdGVkX1/pHkWZCro9RST2YDWDBLMnSExGUhKpbHUVpujXnzPvPgg6LdcY/gd8DNdyzB2LsYkx0g41ZtHa4c7VMdQnIAhFZSj7kfG2ftxn+ocPELhAzproofxyhp+hfcxmRNfEOGWwQ4qsLl1WpzS+pm/4ovXj9VJC8GcUVXpiDzvb8QOpIjxtUsUGMT4xAOPUREx7N2GeRCd264L/9etGDvIDauEY3Y3QU+rzUy57SDnvKtxGp5D0ALXCqd1JL1JzzFN7jCQH4BuW1GyMJvOhK0SMS+/bUE/OwtG9BR+vo70QbmaunvhygV1oDQKYgQplVXd6CEVhJLL66nBBxzke9YeQSorHFJLv4yhNnVM8L+bop6Qulwga/ul8bQr7dTMlzJ+yh+eb0Z7O0DFRHS8SCXVoqZ410qQ87g+PPNd8nJEye5UPQmpEGtzCOXKPLs9yQaM6I3zjRsnCntpx3obeHVMXzcO+ohihGg4npCZYzlaFC0xSYcrh8Qz8723nQ/7GSLv4Zh6j6j90sroHqHbYMa2GuZbobefFIQVT42XH33mmQRdwV03k7y1jqYRJKae51WPB/Q+MJ8QDZyD6TywmrdGzWF3uwCuev3dcKAkrDEuLwXAJ0nF0973YQJQFd53MCbIfFSPpaWTfFTyJYDPrKO4vy9WmHC4nroB+m07y3uGKLPZc0D3T3rn8QLe8juWEJ0vPSxr9U1v/EpsFAKT/kRYvBCBFrZlXAXyJorkHHE7zQGhALTxmwVew9XNNdesAeRp0OSud/7FOD+s2jzeEcmu3TLCXx5y+wh5KZE15Mc7L0L7oVqexPPS5dKAbxoQhTuXhXJyUlIyLihkLcaFKDqauRgu/4kJG6c/grMcZMv+sfX/Mp76+zq33iV0IsUco6hKNQsMu/lEkpOaOdT44BIAlOFlaau+ovWVwtXi7wBIfeHgrOje0ovAy7yzqtxAJ4qTnvAvJfMs+THCQbPzYsDrhgsWDQCD2TbU3kC4YqI+MgNdSdfJ9X8Tuf5Tv7XH33cUKbUBlSb2vrzeueTn4nmtTZZkKNZEItz0wgl1ZIFYZRq7w4eHmPViV/6k0Sg2Kp3SGEwmWzwgoKHT8an6Ze+X4Tu+XHlouieGEa7svpg19zPABX2AsE81KtmC/LnLCh+coCNC6cVZl3h/UekelgnVli67mZ5heRlVcjnxoLUWhOWb20bOsEU2XeSQXtwAdcVf7JncoIrw8xiUhkuK+qtl1Pl0B5xJZG0mNZpsU0UHO9/O9EUzwjEgeFsRHxKUK0/OgNfd1qCLlYdKRS8TJONPMn72gOjz3JTHKQVeF49Nr9HojHMGRG2zaAZdIP3cjIrT+UgIhVAevhgI/iuyUhbOnbpziP6su5HOmaJwvHNRwv8j9YVVrUSk+inyXVJF6o2SbotGgoGUyFA7OXSGLJIW2OOlaMEjIeRx726l5wyGuXiqqFQ7WWLfqv87p5ym7sbFEcZUxPb+RrA7SeefnbGlTxtuAlFm5iWta+2iBhKJGAb/oanpVk4yUHFcorQBYgFDs6tv81fLC0wQVB5EG51mwHUMhbvXx2bDTo0dbpI5hi4Gqu8LPlw5C1RtQttTBWTFd8LcBZotgCQVL/Y0kkh3dd5aBWr57t/BCQlKzY4V0ByBsGTRq3sFNK/RhE5EvHNzqRdFhgI1VzdoAQOs212x+mW4e2nYV3yTtF8isv3EtIO+vU9+y+o0ZEs7bHWvH/5dTOfPLOGuQ74tfBLSguhWqYzGwzNiT4+h4rqAumjcnqz/YhpNCM1T78/1m1r/8+gStpXOwo0cWsnetCHxaKvfg6BbUl2fMC,phishing,0,1,5,33,11,6,14,47,30,0,0.8666666666666667,15,5,True,0
https://sharefile8.pages.dev/ogklomz26?751597cab8033226fe895f6c01b0b2cfmaami1o2=U2FsdGVkX1/X4nX8C4mGgtpmqdfCOI2Lv2os41VmnhyEI8eTbCJzfLIflrQqUXeDULoy4JJBVillYzPWpjL97ZWiwwThnLyf4tfV5wFUHqYwKPpvbgMiu1cnbMxvqVPsovoKPJwaBGXrHMimBDQXiBXZ1fJtoRhrzB+w1vWA7WmL0G22916GN0ljt/zf4+HOaer+G5Tv5yJcqXwX8cWcAyv5/dvQJwoCWnmy8WsawNzKR1RFFXtuKwgtMjZDCa5VJh0Y5MEm5tACoE352nqAfzqiaZ5NiBdeSTQtcUG6PW2f7B99PaRO4bbBVDZjOkJoJhxoJbV4q9l7ZRi5OTSIWs4czOUqUjON3WNkLsHvyB3v7i48F0am1Y0BL/fFu7aVdOou1qHvtlP6/kgYjDkLXNHiHmAbkRocs61esX4wT0jasodEqdA7jKs09oa3PWicWm9SOabguJdx/avl73axxpvmVDrrbI3PFqn0X+0x2oXYbkz4wdXBVXmun7Lm3CWWcs4hUecKxN7cyhs8t0VMD5FDXJ8JuA0IlSFYn2Uo0GDrGEmAhWZGbh2LU+f1vA+YBbBV67LNGxjjgQcJz0Fam1DjLnH2JGQZ6GL/q5TbKulLA6tTMZ8GUJ3rBkvQ7TSO1LRdCNFlzcLdFOIEqlWRsRugYo1dJa7E2Gg1e+oq7YylcQ3hNsel8r1sT7ZWMu0rXZmOUG0E1IkfORtH9pKx2y75DNqze96liUHIkeieO+9bmrS7eE1g9AQFuiSqFA7gS2FaANHaHUUsh9ezzMtKnhrtx/mPQEIDXaRInIjkvTZP2NoakQoCmDSAWnlrgBXrL1t4Ff3H0X9HbS38r1LSvGmn37BK1N+6uxzG1XXgSV4j8J07eU7/Z94/CdVjCBbpsczbXh68OlkQ/NaI9Tr93yShj5zHwbWev3uierSVuSSquG7gXUu3XGD8KlsUD4HFxgtHr/XRaZuM8ekyGF9C5cSkxvRRYiJ5XmLDCFqt++1PDLrc4zw49r7VnfyR63dtRNAeZRdLzpvYQVUJoWpfn6UvBLCQJ0jrFlpfN1khhH1xhSl/B/OKmBHCofPWHVHDX0wRfEtEme60Brrlaop9LX9RpRgE6tY6wumRU8Uc1wMEpxsSpwVt804IbrOwiQOAWA1z87wSnJduj/Hl3kjGS8/JUY8T1XJnOp+9IUHZzZc2GQAsyjO8fCNGx4tpPNpQuh7YAMrnKzcAFoY3kc+uBiOhA3H7VrBq5hOnPkXALbsM5qazBmEeXo1NvLRBfhBqqw7cfLSXUyOFDU4HsFxc7Mt1saU5dVd5NkLFK9AtCVagqaTzQtkPZhHkQ14smJhflF/aBrw4OGQ7Yj082Kk5d+bi89ft3m5B6K6GAXDQEbkjr7Lp5y2WW0/g7aWUkjrq2MafmbEP2rrVpkHBMDREB0e0o+jCx8ogCzLVsQVKMyzc9e3sRtlm70fOCaLIYSz+Wn2SbPiPNkfvswWq5gmNgtYhzvednSZvRBlRAPKBvHGk1dudTFSjIRTx7w/ODxbkQNjc2rkMtYUoyD0VAjMwOaGiiQmhA+642YDuztsb8UTqa8IGuXCjnHXOht3Zpguauk3JA56aAv1mP98G9BehMvu5T/821imY/IvLAmLgjkE0HRUuvzD+YoSjZoKFzBPvl95QLijbMgIKnzs9erfIWVnDbRCmHuTB9DZWnwxU6gi0EWmD+/7t1TmwLib8vlQbIKu71dLVR8al0hI6cQYrSk++tQ72fuzJc3aoufsALKVXyUuX1ShwwmKBFHXAFGiz53Y7g6QKrpdhBLA6M/Px5Gypf5IEj0WxmH3SSKHpo1Mv4Z0D5sb4EA+/5Wbnu5x/WIFxexXLFWRVtBE0w,phishing,2,11,1,146,47,2,29,155,26,0,0.7751196172248804,107,14,True,1
https://sharefile8.pages.dev/vsdsqwyogkhnazqmzwfq3qb7pk4kbfg7hqycnwlcpgwrublohbvbnixz0tq/?31b0d7c35eaac849aca0604975cb7bbfmaancpwi=U2FsdGVkX1+W61z1OMybyTxmE8LHVOLSHirhFD8lZjijeUU5XC7umfx05UY0QCvXEFy6eBB68QPmAtn6vOr+ojIM7Lo8bXvqJ9OL/dqDMBxTf1np2C0KN1lf/4hThveks/l6XjLGqt0ScQLLRpgtRvlMFsAYvf1WsQWiyz4UdMj8+cZzsDXar2WGDtpZlLXvj36DhT101eGjM6TlC5n9Hzl3a4NhIpTwzFuxHTCHFq7Dgvml/olA0w2Yyoqhtih84iKQFGRoZlWsp1cNz/1Ov7WvpQj3t4NGsLZ/ozFJ6n9P8pemYsCZ3Jcjt7oun3OizjF77eba3viL+nBZEulWMUbpahpXPWW0j6FiBzqeaDtflzSX2cJWAH8NqgNOcgWGbC8vCloJsVIygzNLYFQ/LsIrFlCxPzan4gwu9f3MJT5aWVNO2BzAPCj9VZZ6vo9Qhdg1OHWfO60y9fUX9sFzL/o8DsqR0R4EJqHB2PhDH8alENA4oziDRdzv/7laTokU2BDpXwuEqamLOxaJuS+QC1KP5009DxF5MVSpITr4BUtiYGbhadgyjDmSLqmRgNJv/EBfuuCy9jAWTtF2Mar03SAQ13ysBGUipseXkoGXaGQOExcZU04Jkolkn7f97OZ5OUSJfXL202xWaaBxD8utjyVmLj+mOIZxk8s/Qb9qAZR+wm6F2hfmpgSlof+vH0tmtS5e6JB7pEZHVx+2vDygighOUxE9zvaYTNTlM84ERqAx0zmyDlhZbFjAPyG4KIXY5LyTcJVmVK13coxZrros3p7mxtXCFhg8iJlVy1yaynoK6i6ZvmoBj/hcwArOshzXNAroADaqixlwEPTVpg5ICdYLzwdd9JbAcKtffRxkyOPli73KwAgToZUj0ih61ne5d206r4xkUQPsasJYClfqsKcbVFEApU+PubIaUiX4Y+1iLyXeVfL7z4DaXWNblRVsbAU/puAJBukHetwDU109VxaviYanygy9HVhrhx6OevAadjphJJ1yC029Iw0cW0EcOpGiUQe6Dvrftg8pGwzQZcmPADTgh5BE+CtIBgs+S4lLLKia4ASdlHSspq3kNBpvIrH63KIYdPlJ8RQwWtojAoI3WKzVS2awdCBYqDN4Gfdv7cLjLIyo/sO7/GIOYaH6KI28x0rKd2po6Z+IG2ugFPnyENo7/nNqrpJwQfpbNCbM7mKlhRFiwQfp7atkgoFzlabO55UUqLJ1maQqgDq8nUwMRCHiFZrRuNsWlOWijCcvtrLJPrloksp6Yy1u/P+Xv7+cUTXPwsKMVmqCUak68ZfRUPd4y/h1pD38i0r94EQ98ZQ6CH2F3J5uM194cs+Pm6rOhWem8u5JCuqgNOch8cpd4tFL64669++/6X9BVkBImzgUiD49ZooZdjYbq8uzumH9Mh4xipOBCmo5+9li0IYbTjBvQxPXIbBN9x50hkRf3czFpjqTxuv/VJt0kgQhdWy9aQPPAuiOF/5k2qsUGM0IsAM8crpehTRPLfd4AG6U+nqQbTspnD0cQAS5OeLL7j/AsAcocnwZn/FHOYrVQ37PaZlNsFuyuuynKHQCNUdwU54Huug8OhHw1ymBiCdRzN7lY0AynMyZjRvMNBZhhBYrUaDzUG0ZlqD5M5ykubcqExbn/ovc/wOQMdW1ZOq1If+xkjdspDmsvYvi891kwJANXPMH/RHTMHn32pkv2ltRyWN8ej3N1DqiqXnp5ctM3oc3vIbjDp2SqGeh9VV09hZM7yWZ3u18iw5llkivvNFAvuGoCXxxOHtzqynX7RxBsXRg7DPRpCS3CTP5VDJrLhAvk88%25,phishing,1,6,0,8,2,1,15,14,20,0,0.8125,9,0,True,0
https://shared-fpr63a.aa0e9eeaf6d2fe0a31ed307f.workers.dev/?3mail@b.c,phishing,0,0,0,3,0,1,11,9,36,0,0.25,6,0,True,0
https://my-ee-billing-portal.web.app/,phishing,0,11,1,66,53,47,37,242,58,0,0.8581560283687943,154,0,True,0
https://appeal-restricted-account.vercel.app/troubleshoot/221149188908254,phishing,4,9,0,4,16,9,14,33,31,0,0.8695652173913043,19,16,True,0
https://login_adfs-vut1ze.874378y894y89754978983.workers.dev/,phishing,0,0,0,3,0,1,11,9,36,0,0.25,6,0,True,0
https://sharefile8.pages.dev/lseb4pdr+el4x8vajusryftzb5gxs4mb2rxz7robho4arsxu?2d76d87b06d7fb2c3886d95d8b996716maapl374=U2FsdGVkX18AqFxOQSe0fiVWuKwg4lLMjUaAEy5nvOxPdqEU5NYtFvyn5NAQyrxJvn74f41/wa7CMgupsnQEub2CAbIey1DX3Y+RJTylc8o/8q1FuLdoCD5VVH/wl2bv02nMzGQE4KlnWAKwCLG8hH3E5AHscgfC6lup2tve/u/v14XCe4my+lncw0azWmlNs9qvx9+En5Q5tFtpsw69eKVAc1avNzjuOHRZkbYmYCvFadFAznO+0r1g6ShwgQJ2y2F+Ua/mfSA46Y2vIiXa7PQAhlyYe3TOS3UDKCJXVFPyOxrKXaFcnDpvTuD1wze2y/MXmOGnZgRi8anF+eMc24ZZmBdNGXAg51vuZD/GMlS7J/BTXRxb163Q15aPMpgg9KAmtyfjyun42Cibt7OjEv8CmyqfD4m5cz3wE6ECZYHU0K1161cthQCyfqOj5pp/WLvS/kAQNed05FRnYDL48Wf9FMbaNcN3ptZX5rPSWJP+XmmzBoZ2eBzUvp+NpJ3IgHMkgTJ+NJ6j7APRgU91eL0H7Jemt12HsVfcFcgbx+PPwZ/OOKJ+UvO4fbc+/L2kyRa9JATXlP21ePt9Cif1EN7RMmwgAxAwbRxb88Ok/pN/DP1vmBT04PbveAa8QVh217ib2pBJYZseGYxqiOTQI0/8mYdB7+zWjYtz9qxar0xKJ329xfkqLzKoEPxjDodFYvAboREo5VmX6qVEtGphMuDI3R4ic1dgJLjN5Gdrn7QJAmWVt20Crq5pW5cKwkC/TSgBdo2Q5ok8QQBU6qMBGsHVlhatcoBGHYNcYmO3l+b48z8ib/UQDn67hos4jvwcO8seK9Dvq78UbsSP1z4su/BmRnG6U5ekGcSgC8w+60/hz3kqWu1HAvV3RFI5Cy8grqI7xmp4FLPZbCh10X+7I5orlZuPaJdrnal2Mcry2/tKXgNXzk0yqJpPa6UQV42BBm1mUTy6+z2fX+IJFiJ9PSdLakqhn+ZkfsHNM6m3F8afNPPmuvJWU/lyOXW7t22q4cZLWEcGKW/giPj/bSMynMKtu/OwJndiOKwjGDg+HbKFiSamC92+aG42CoF29ZSOe90PVxc+OVBcup8asuGvSgus4gguCj4meRqf6kOMdxjRdxPBpXNG1kBfQ5kFgqnB9FdHMu54GqmLk8NCVCn+5qQxIQV7CT+qTyzCRnNT4yqBBgu5hTVnddmnN8ulyyLRF+IrlzC+7p7Yhl6+nO8uT3HVD8pbvkd620VnLiQ4Z55nfppdWtm7/D34QSs5sXWL51FeeH6rQsiMGu/YxoGX4XV88uFKdEo8jsExlT78WBDLStFvJVkKLBFoZZsU1W0/at/mxHAo2KmX0BynyWS+U+wrS/MsjfnRjTsNWHUApOTlOMQHCJICaGcqdMhyBhQedcSck1/xRi3NEql6a8WIOSy3/QYKZVvMZl4fF0a0zb9TjzTEo9RXJs+Ni0nCxkcEO5xFqEptSYXiZfy5+5MuzkBMNITm8ci3sXtIhQfAhS80IDKN/Slnr27S5d7kotQRGgas8yMK41YokDtttnhYMqrbSsHMqauqmrNJUFQKgkve2rgguID6PRxWgiX960Hu0rMYJ8QGxV4G9okiVQbu+3dnRjzFeJZv6GuoGN4EHb8+rw0mIHKHl1lypxoWT5CMD9pXulQLF6sJ9U6uKemuCANAxXWrG8uIk+RkROhMEowcPr/4odkpbpxa7bLJEOwRpHo7SGda9vnIm4D2VY7IaYQeeZ8XFe+korQ/NC9N8qB9HYIf/hFLJouGvu,phishing,1,6,0,8,2,1,15,14,20,0,0.8125,9,0,True,0
https://sharefile8.pages.dev/rlxknc9qoyxbsuof7kvl%20q5pbfszx2coo%20gblps6xt%20b0bv9eksggm%20cxydfegcesg6wi4x?712d1529fa0b716a708a89d948694ebbmaan8su4=U2FsdGVkX1+Q93k4bJ+DPES/QAmU4aSbIydO7tyNb5OLYnRH4ViMQL+4ffBcovEpXBYsGZjd7XGIW/Pv0KxxxJGLq/tPl9B7ppF/ZDycvq0Y5otJvSh04CvCBGuTWcS8OmyfKe9VrPLHdfSpi832OU0qn7Mkaps8WbYAevSQtkEA0uKOOUIzQmlM7D6cq95hrQF11aRePq7lmUomyHeKZ9a1AJUlSNFbUTIEc8XR+aFlFof2JwJHZECt8548P4KV3sQtaIqsqEzI0eiA34kOUF+9itghK7PW5rDcefwow/vlOBDaW9VntsNXUhzhKe4m+vey0NAhfRDuUqypplz9EixqCtsHGqcCJ2T+FPoFgGWaKVmGxrcb0kLJCl1tKim+Htd44QailVdtoxM5NIxKyrG4Z6kAqYecUqpUNhkjmqVTQpQLHVCQgozeoVkYaDyWaTukfgTEvzh1D5hAqhKpCEqiuxpiBSTTiP5/BxPrqIDvfNaDe7U2RtWgtmTg/GEnieG5LC26l0wL93By+qguqCQ5nGv8PJ+f8QjcyEo+7mXmpNjpJRftwrRPbguGkz9Tz+fjo7gnufcrULyoU0ho+B6dwSRc2CzC/JgSVw5rQ0LRorXt2yEw8TyPmvHo8tSJ2LMVCdf3b8aFAQxKovgRfG2Pr/So2pAgevpGohVx+BV1ctxCRjdrl/2R95dOBCM/DmQlcfRoocAFpkzy/v1Fj4RLRwFCWlzeZOxIHnbLOxE2sMOzeNOyK5VrKYgmzpDPsffpItWEg9DIhRM3eBKNRMZZtsMCNQ64pErebhbyQtWakqGxEUI8U06ekgY7/+N1UbOo+L5o851Mesr2tUMHU6E1zo8JRqG6t/WwgAYq+H0GIGgcPaU6AwsfwUJzydl4Fmnjm7zFbxeN4iju2OrBW9coUt3MrZxV9+pp6oWJiQkE4HQ+3WP2V7QKX10eyLQvKtG2y3LUiLEI1FuYGmKPA0lBzXz/4Zh+0xtYZuBNct4aZwMvflKON+S/2BGpEq5YQPllpBmM+lWZL1c1MopsAWCEaH0xRewZl5pODyAeKkxWO07Zr2ksBWENtv2xQnL3MhSKqvsBBziFl92htTpzlDdWJt6Io9sJXO22RUbtE3IUTdQF1Jh1EwVst0LnW6kIxDRLTWrp6edObfdrfisNBwwbGGGdH2txA3LG9PjVb2ti1a3UlkDK5ceY/T9IoQyun2AMpxonugSZGCj9r8Ehq+Z9Ft0CPqVFaRXSxumlCtticLzt9bW+2YQDZ1dLrMfGc7wRxLnvAuE9a3ntsXL38QmfAN2hxlnDalXlVeEMSheHcBZvj/eganOlYg0+7lQFWefMigo3XWGQ84116alvPmpjG95NwIDzjt048d2dD09TucE7H8ZSPkaW3tSjgH/RXtD3ay1nBORmOB1fSxZbh2u+0TniODVxnTD72ByNOalnZnl/fOgR2LB9NuaaM0sycrQwHeuFNWs7+6FCfhwD1iP4Im/swfNwm7lNe5YMC3j1jXe3KACKeplXlQtcoI2ZUiRTineG+cmhSvRXO6kjMR0lB/Q169GL6ilVTAVm6zCkDqIFSG2F8uueKPi9bv90mc3dkxFuNkaX24C+3BJ+7zQI0usFgOsyXKoNbvkScCLZW2H58fyxN8K/qzx1h3mogxjDMBYW9T54IBEuXfpDLIZWl1U98Przz2DiZCZLzNcKwNREfVB94E5go8OWtVQHOozT476UVvhhhnDwHmHfF8HfkWu6a0cTiDFr7934JVSohtCbb1kNbwwU2+xFc,phishing,1,6,0,8,2,1,15,14,20,0,0.8125,9,0,True,0
https://outlookoffice365.xyz/,phishing,0,1,0,2,0,3,11,21,13,0,0.0,0,2,True,0
http://pub-ee199fb6eeb24e078bbe948f199a2302.r2.dev/index.html,phishing,5,90,0,7,96,6,9,57,8,0,0.9903846153846154,0,2,False,0
http://website-signin.50-6-194-214.cprapid.com/?secure,phishing,1,2,0,4,0,0,20,5,14,0,0.0,5,2,False,0
https://loginfile-c56hbx.cloudflareemail2109399.workers.dev/,phishing,0,0,0,3,0,1,11,9,36,0,0.25,6,0,True,0
https://login_mic-ds44ve.l-iukeng101.workers.dev/?3mail@b.c,phishing,0,0,0,5,0,1,10,11,36,0,0.3333333333333333,5,0,True,0
http://login_adfs-e3alub.874378y894y89754978983.workers.dev/?3mail@b.c,phishing,0,0,0,0,0,0,3,2,0,0,0.0,0,0,False,0
https://sparkasseptan3.top/start,phishing,1,1,0,3,0,2,11,9,36,0,0.25,7,0,True,0
http://trezorarwawalllet.webflow.io/,phishing,0,0,0,3,1,0,5,16,56,0,0.8571428571428571,0,0,False,0
http://pub-d180a15676b445aca202d3f0624051c3.r2.dev/index.html,phishing,5,90,0,7,96,6,9,57,8,0,0.9903846153846154,0,2,False,0
http://pub-c7b6defba5be441f9e9cd5fba08c01f0.r2.dev/index.html,phishing,5,90,0,7,96,6,9,57,8,0,0.9903846153846154,0,2,False,0
https://secure-e--blockfi--cdn.webflow.io/,phishing,0,0,0,3,3,0,5,16,15,0,0.8888888888888888,1,1,True,0
http://pub-cb158f56d07346ac80ab80997a055933.r2.dev/index.html,phishing,5,90,0,7,96,6,9,57,8,0,0.9903846153846154,0,2,False,0
https://www.auth-a.mazonpri.me/,phishing,1,4,0,3,2,0,21,7,14,0,0.75,9,2,True,0
http://app---mytrizor.webflow.io/,phishing,0,0,0,0,0,0,8,6,20,0,1.0,0,0,False,0
https://auth-a.mazonpri.me/,phishing,1,4,0,3,2,0,21,7,14,0,0.75,9,2,True,0
https://amazonvipshops.com/home,phishing,0,3,0,27,20,15,18,91,6,0,0.9838709677419355,36,0,True,0
http://coinbseprolog.webflow.io/,phishing,0,0,0,0,0,0,8,6,20,0,1.0,0,0,False,0
http://tsrerewallit.webflow.io/,phishing,0,0,0,3,1,0,7,16,55,0,0.8571428571428571,0,7,False,0
https://official-app-blockfy-b668fe.webflow.io/,phishing,0,0,0,3,1,0,5,10,16,0,0.8571428571428571,0,0,True,0
https://case-10016202.ketlyef.com/,phishing,0,0,0,3,1,0,7,12,31,0,1.0,0,0,True,0
https://shared-zi9o9n.aa0e9eeaf6d2fe0a31ed307f.workers.dev/?3mail@b.c,phishing,0,0,0,3,0,1,11,9,36,0,0.25,6,0,True,0
http://zmcuvi.cn/pfzSCYZNKk,phishing,0,0,0,1,0,0,4,7,0,0,1.0,1,0,False,0
http://megraboudeufo-1682.vercel.app/matixx.html,phishing,4,10,0,4,16,9,14,34,31,0,0.8695652173913043,22,18,False,0
http://whitepigeon.cn/pfzSCYZNKk,phishing,0,0,0,1,0,0,4,7,0,0,1.0,1,0,False,0
https://help-s-trezzor-sso-auth.webflow.io/,phishing,0,0,0,3,1,0,4,16,56,0,0.8571428571428571,0,0,True,0
http://mfnnff.pages.dev/,phishing,0,0,0,5,0,1,10,11,36,0,0.3333333333333333,5,0,False,0
https://help-10016241.clickup5.click/?case-id-10016241,phishing,0,0,0,3,1,0,7,12,31,0,1.0,0,0,True,0
http://metamaskelogion.webflow.io/,phishing,0,0,0,3,1,0,5,10,55,0,0.8571428571428571,0,1,False,0
https://www.dashboard-home.srvice-321.52-15-227-246.cprapid.com/,phishing,1,2,0,2,0,2,19,25,31,0,1.0,19,2,True,0
http://netflixb00027029.blogspot.nl/,phishing,1,2,1,9,3,0,25,22,7,0,0.7619047619047619,6,0,False,0
http://geminnilognne.webflow.io/,phishing,0,0,0,0,0,0,8,6,20,0,1.0,0,0,False,0
https://www.upsturkiye.com/,phishing,0,0,12,0,18,15,17,51,85,0,1.0,28,6,True,0
https://jann30703.github.io/amazon-project/checkout.html,phishing,0,6,0,0,5,1,12,8,8,0,1.0,0,2,True,0
http://pfaorderspecifications.tanways.co.uk/_1ZRbsWkxFzxTwvrCjvPHdCrPXCZGXNMqbJMgMhVNMGGpPPjKptBNHcVdvvxF/,phishing,1,1,0,3,0,2,11,9,36,0,0.25,7,0,False,0
http://www.channelhub.info/841e8219fxc03f466bn8f06cb6bj7160ee0e.html,phishing,0,3,1,5,2,0,13,11,23,0,0.8181818181818182,1,5,False,0
http://www.channelhub.info/85a90c5cbx9ee3495fna1d745caj71a3ccb5.html,phishing,0,3,1,5,2,0,13,11,23,0,0.8181818181818182,1,5,False,0
https://login_onmic_adfs-3py6pj.13835f21bccb0c50d8e5401c.workers.dev/?3mail@b.c/,phishing,0,0,0,0,0,0,3,2,0,0,0.0,0,0,True,0
http://hethongexpres.xyz/,phishing,0,0,0,1,9,3,7,8,6,0,0.9,0,0,False,0
https://sign_adfs-as9fsw.zlatanibile.workers.dev/?3mail@b.c/,phishing,0,0,0,0,0,0,3,2,0,0,0.0,0,0,True,0
https://login_mic-0iphc2.l-iukeng101.workers.dev/?ramy.ahmed@google.com/,phishing,0,0,0,0,0,0,3,2,0,0,0.0,0,0,True,0
https://chiseled-shrouded-price.glitch.me/,phishing,0,0,0,0,1,0,7,5,33,0,1.0,0,0,True,0
https://assest.home-srvice-320.3-12-197-221.cprapid.com/,phishing,1,2,0,2,0,2,19,25,31,0,1.0,19,2,True,0
http://auth-crypto-sso-cdn-g.webflow.io/,phishing,0,0,0,0,0,0,8,6,20,0,1.0,0,0,False,0
https://get-your-free-blue-badge.vercel.app/,phishing,0,0,0,1,2,0,7,9,4,0,0.75,2,0,True,0
http://correos.ajalo.com/npt/corr.php,phishing,0,0,0,4,25,1,11,10,57,0,0.9444444444444444,7,0,False,0
https://best--ledgerlive-app---us.webflow.io/,phishing,0,0,0,3,3,0,5,16,53,0,0.8888888888888888,1,0,True,0
https://tinglaomanagement.com/lblogin22/login,phishing,1,5,0,15,4,0,14,25,48,0,0.875,8,3,True,0
http://sharefile8.pages.dev/mfnfjg2adsrzxjtco6mmkomnoyp25gc0rlsxfkvc+r9+p+uza7bkgxtk67tlleqy2zchslbucjdbkwxbm157do+j3ak5xim%2/,phishing,0,0,0,0,0,0,5,3,15,0,0.0,0,0,False,0
https://1inch.4-app.io/,phishing,1,14,2,31,93,20,21,37,96,0,0.9407407407407408,196,1,True,0
https://jllkj.sbs/wap/,phishing,0,2,0,2,142,1,17,48,13,0,1.0,122,0,True,0
http://download.tiktokd75.com/,phishing,0,0,0,13,57,5,15,18,11,0,1.0,18,2,False,0
http://instagram-redirect.github.io/Hiago.Ruiz,phishing,1,3,0,1,11,1,11,18,9,0,1.0,0,0,False,0
https://portal---ndax-io-cdn.webflow.io/,phishing,0,0,0,3,3,0,5,16,51,0,0.8888888888888888,1,2,True,0
https://sj.wsahqtapp.top/,phishing,0,2,0,5,143,1,19,48,16,0,0.9934640522875817,216,0,True,0
https://docs-ledger-comstart.webflow.io/,phishing,0,0,0,3,3,0,5,10,51,0,0.8888888888888888,1,0,True,0
https://login_adfs-801na7.874378y894y89754978983.workers.dev/?3mail@b.c,phishing,0,0,0,3,0,1,11,9,36,0,0.25,6,0,True,0
http://auth-app--crypto--p--cdn-autth.webflow.io/,phishing,0,0,0,3,3,0,5,16,28,0,0.8888888888888888,1,1,False,0
https://dwnloadldgr-live.webflow.io/,phishing,0,0,0,3,3,0,5,10,59,0,0.8888888888888888,1,0,True,0
http://secure-auth-moonpay-login.webflow.io/,phishing,0,0,0,3,3,0,6,19,15,0,0.8888888888888888,1,4,False,0
https://vsskidskingdom.com/exc/page.php/,phishing,1,3,0,1,3,0,7,6,12,0,0.8,6,0,True,0
http://anbanaq.sbs/,phishing,1,1,0,17,6,3,15,27,15,0,0.8484848484848485,180,0,False,1
http://wap.earthriver.net/,phishing,0,0,0,2,2,1,9,9,18,0,0.5,1,0,False,0
https://submit-dispute-form.github.io/review/,phishing,1,0,0,2,1,1,10,6,11,0,0.5,1,0,True,0
https://ccwcqze.cn/SYdwXlLchL,phishing,0,0,0,1,0,0,4,7,0,0,1.0,1,0,True,0
